modelo,cv_roc_auc_mean,cv_roc_auc_std,test_accuracy,test_precision,test_recall,test_f1,test_roc_auc
gradient_boosting,1.0,0.0,1.0,1.0,1.0,1.0,1.0
logistic_regression_l1,0.8795915032679738,0.13497365751444707,0.8431372549019608,1.0,0.84,0.9130434782608695,0.99625
random_forest,0.9506979458450047,0.036877897277735217,0.9803921568627451,0.9949494949494949,0.985,0.9899497487437185,0.9825
