modelo,accuracy,precision,recall,f1,roc_auc,cv_auc
logistic_regression_l1,1.0,1.0,1.0,1.0,1.0,1.0
logistic_regression_l2,0.9803921568627451,0.9803921568627451,1.0,0.9900990099009901,1.0,1.0
gradient_boosting,1.0,1.0,1.0,1.0,1.0,1.0
random_forest,0.9901960784313726,0.9900990099009901,1.0,0.9950248756218906,0.99875,0.9869117647058824
